--------------------------------------------------------
-- Archivo creado  - sábado-mayo-24-2025   
--------------------------------------------------------
--------------------------------------------------------
--  DDL for Sequence DIEZ_CINCO
--------------------------------------------------------

   CREATE SEQUENCE  "ADIXON"."DIEZ_CINCO"  MINVALUE 1 MAXVALUE 10005 INCREMENT BY 1 START WITH 10006 CACHE 20 NOORDER  NOCYCLE  NOKEEP  NOSCALE  GLOBAL ;
--------------------------------------------------------
--  DDL for Sequence SECUENCIA
--------------------------------------------------------

   CREATE SEQUENCE  "ADIXON"."SECUENCIA"  MINVALUE 1 MAXVALUE 5000 INCREMENT BY 2 START WITH 1040 CACHE 20 NOORDER  NOCYCLE  NOKEEP  NOSCALE  GLOBAL ;
--------------------------------------------------------
--  DDL for Table ALUMNO
--------------------------------------------------------

  CREATE TABLE "ADIXON"."ALUMNO" 
   (	"ID_ALUMNO" NUMBER(*,0), 
	"ID_PERSONA" NUMBER(*,0), 
	"CODIGO" NUMBER(*,0), 
	"FECHA_INGRE" DATE, 
	"PASSWORD" VARCHAR2(60 BYTE), 
	"ID_CICLO" NUMBER DEFAULT 1, 
	"ID_CARRERA" NUMBER DEFAULT 1
   ) SEGMENT CREATION IMMEDIATE 
  PCTFREE 10 PCTUSED 40 INITRANS 1 MAXTRANS 255 
 NOCOMPRESS LOGGING
  STORAGE(INITIAL 65536 NEXT 1048576 MINEXTENTS 1 MAXEXTENTS 2147483645
  PCTINCREASE 0 FREELISTS 1 FREELIST GROUPS 1
  BUFFER_POOL DEFAULT FLASH_CACHE DEFAULT CELL_FLASH_CACHE DEFAULT)
  TABLESPACE "USERS" ;
--------------------------------------------------------
--  DDL for Table ASISTENCIA
--------------------------------------------------------

  CREATE TABLE "ADIXON"."ASISTENCIA" 
   (	"ID_ASISTENCIA" NUMBER(*,0), 
	"ID_ALUMNO" NUMBER(*,0), 
	"FECHA" DATE, 
	"ESTADO" VARCHAR2(30 BYTE)
   ) SEGMENT CREATION DEFERRED 
  PCTFREE 10 PCTUSED 40 INITRANS 1 MAXTRANS 255 
 NOCOMPRESS LOGGING
  TABLESPACE "USERS" ;
--------------------------------------------------------
--  DDL for Table AULA
--------------------------------------------------------

  CREATE TABLE "ADIXON"."AULA" 
   (	"ID_AULA" NUMBER(*,0), 
	"NOMBRE" VARCHAR2(20 BYTE), 
	"CAPACIDAD" NUMBER(*,0), 
	"TIPO" VARCHAR2(20 BYTE)
   ) SEGMENT CREATION IMMEDIATE 
  PCTFREE 10 PCTUSED 40 INITRANS 1 MAXTRANS 255 
 NOCOMPRESS LOGGING
  STORAGE(INITIAL 65536 NEXT 1048576 MINEXTENTS 1 MAXEXTENTS 2147483645
  PCTINCREASE 0 FREELISTS 1 FREELIST GROUPS 1
  BUFFER_POOL DEFAULT FLASH_CACHE DEFAULT CELL_FLASH_CACHE DEFAULT)
  TABLESPACE "USERS" ;
--------------------------------------------------------
--  DDL for Table CARRERA
--------------------------------------------------------

  CREATE TABLE "ADIXON"."CARRERA" 
   (	"ID_CARRERA" NUMBER(*,0), 
	"NOMBRE" VARCHAR2(50 BYTE)
   ) SEGMENT CREATION IMMEDIATE 
  PCTFREE 10 PCTUSED 40 INITRANS 1 MAXTRANS 255 
 NOCOMPRESS LOGGING
  STORAGE(INITIAL 65536 NEXT 1048576 MINEXTENTS 1 MAXEXTENTS 2147483645
  PCTINCREASE 0 FREELISTS 1 FREELIST GROUPS 1
  BUFFER_POOL DEFAULT FLASH_CACHE DEFAULT CELL_FLASH_CACHE DEFAULT)
  TABLESPACE "USERS" ;
--------------------------------------------------------
--  DDL for Table CICLO
--------------------------------------------------------

  CREATE TABLE "ADIXON"."CICLO" 
   (	"ID_CICLO" NUMBER(*,0), 
	"NOMBRE" VARCHAR2(20 BYTE)
   ) SEGMENT CREATION IMMEDIATE 
  PCTFREE 10 PCTUSED 40 INITRANS 1 MAXTRANS 255 
 NOCOMPRESS LOGGING
  STORAGE(INITIAL 65536 NEXT 1048576 MINEXTENTS 1 MAXEXTENTS 2147483645
  PCTINCREASE 0 FREELISTS 1 FREELIST GROUPS 1
  BUFFER_POOL DEFAULT FLASH_CACHE DEFAULT CELL_FLASH_CACHE DEFAULT)
  TABLESPACE "USERS" ;
--------------------------------------------------------
--  DDL for Table CURSO
--------------------------------------------------------

  CREATE TABLE "ADIXON"."CURSO" 
   (	"ID_CURSO" NUMBER(*,0), 
	"CODIGO" VARCHAR2(15 BYTE), 
	"NOMBRE" VARCHAR2(25 BYTE), 
	"CREDITOS" NUMBER(*,0), 
	"ID_CICLO" NUMBER(*,0), 
	"ID_CARRERA" NUMBER(*,0)
   ) SEGMENT CREATION IMMEDIATE 
  PCTFREE 10 PCTUSED 40 INITRANS 1 MAXTRANS 255 
 NOCOMPRESS LOGGING
  STORAGE(INITIAL 65536 NEXT 1048576 MINEXTENTS 1 MAXEXTENTS 2147483645
  PCTINCREASE 0 FREELISTS 1 FREELIST GROUPS 1
  BUFFER_POOL DEFAULT FLASH_CACHE DEFAULT CELL_FLASH_CACHE DEFAULT)
  TABLESPACE "USERS" ;
--------------------------------------------------------
--  DDL for Table DIA
--------------------------------------------------------

  CREATE TABLE "ADIXON"."DIA" 
   (	"ID_DIA" NUMBER(*,0), 
	"NOMBRE" VARCHAR2(10 BYTE)
   ) SEGMENT CREATION IMMEDIATE 
  PCTFREE 10 PCTUSED 40 INITRANS 1 MAXTRANS 255 
 NOCOMPRESS LOGGING
  STORAGE(INITIAL 65536 NEXT 1048576 MINEXTENTS 1 MAXEXTENTS 2147483645
  PCTINCREASE 0 FREELISTS 1 FREELIST GROUPS 1
  BUFFER_POOL DEFAULT FLASH_CACHE DEFAULT CELL_FLASH_CACHE DEFAULT)
  TABLESPACE "USERS" ;
--------------------------------------------------------
--  DDL for Table EMPLEADO
--------------------------------------------------------

  CREATE TABLE "ADIXON"."EMPLEADO" 
   (	"ID_EMPLEADO" NUMBER(*,0), 
	"NOMBRE" VARCHAR2(20 BYTE), 
	"SALARIO" NUMBER(*,0)
   ) SEGMENT CREATION IMMEDIATE 
  PCTFREE 10 PCTUSED 40 INITRANS 1 MAXTRANS 255 
 NOCOMPRESS LOGGING
  STORAGE(INITIAL 65536 NEXT 1048576 MINEXTENTS 1 MAXEXTENTS 2147483645
  PCTINCREASE 0 FREELISTS 1 FREELIST GROUPS 1
  BUFFER_POOL DEFAULT FLASH_CACHE DEFAULT CELL_FLASH_CACHE DEFAULT)
  TABLESPACE "USERS" ;
--------------------------------------------------------
--  DDL for Table HORA
--------------------------------------------------------

  CREATE TABLE "ADIXON"."HORA" 
   (	"ID_HORA" NUMBER(*,0), 
	"HORA_INI" VARCHAR2(15 BYTE), 
	"HORA_FIN" VARCHAR2(15 BYTE)
   ) SEGMENT CREATION IMMEDIATE 
  PCTFREE 10 PCTUSED 40 INITRANS 1 MAXTRANS 255 
 NOCOMPRESS LOGGING
  STORAGE(INITIAL 65536 NEXT 1048576 MINEXTENTS 1 MAXEXTENTS 2147483645
  PCTINCREASE 0 FREELISTS 1 FREELIST GROUPS 1
  BUFFER_POOL DEFAULT FLASH_CACHE DEFAULT CELL_FLASH_CACHE DEFAULT)
  TABLESPACE "USERS" ;
--------------------------------------------------------
--  DDL for Table HORARIO
--------------------------------------------------------

  CREATE TABLE "ADIXON"."HORARIO" 
   (	"ID_HORARIO" NUMBER(*,0), 
	"ID_CURSO" NUMBER(*,0), 
	"ID_DIA" NUMBER(*,0), 
	"ID_AULA" NUMBER(*,0), 
	"ID_HORA" NUMBER(*,0), 
	"ID_PROFE" NUMBER(*,0), 
	"CUPOS" NUMBER DEFAULT 0
   ) SEGMENT CREATION IMMEDIATE 
  PCTFREE 10 PCTUSED 40 INITRANS 1 MAXTRANS 255 
 NOCOMPRESS LOGGING
  STORAGE(INITIAL 65536 NEXT 1048576 MINEXTENTS 1 MAXEXTENTS 2147483645
  PCTINCREASE 0 FREELISTS 1 FREELIST GROUPS 1
  BUFFER_POOL DEFAULT FLASH_CACHE DEFAULT CELL_FLASH_CACHE DEFAULT)
  TABLESPACE "USERS" ;
--------------------------------------------------------
--  DDL for Table MATRICULA
--------------------------------------------------------

  CREATE TABLE "ADIXON"."MATRICULA" 
   (	"ID_MATRICULA" NUMBER(*,0), 
	"ID_ALUMNO" NUMBER(*,0), 
	"FECHA_MATRI" DATE, 
	"ESTADO" VARCHAR2(20 BYTE) DEFAULT 'ACTIVO'
   ) SEGMENT CREATION IMMEDIATE 
  PCTFREE 10 PCTUSED 40 INITRANS 1 MAXTRANS 255 
 NOCOMPRESS LOGGING
  STORAGE(INITIAL 65536 NEXT 1048576 MINEXTENTS 1 MAXEXTENTS 2147483645
  PCTINCREASE 0 FREELISTS 1 FREELIST GROUPS 1
  BUFFER_POOL DEFAULT FLASH_CACHE DEFAULT CELL_FLASH_CACHE DEFAULT)
  TABLESPACE "USERS" ;
--------------------------------------------------------
--  DDL for Table MATRICULA_HORARIO
--------------------------------------------------------

  CREATE TABLE "ADIXON"."MATRICULA_HORARIO" 
   (	"ID_MATRICULA_HORARIO" NUMBER(*,0) GENERATED ALWAYS AS IDENTITY MINVALUE 1 MAXVALUE 9999999999999999999999999999 INCREMENT BY 1 START WITH 1 CACHE 20 NOORDER  NOCYCLE  NOKEEP  NOSCALE , 
	"ID_MATRICULA" NUMBER(*,0), 
	"ID_HORARIO" NUMBER(*,0)
   ) SEGMENT CREATION IMMEDIATE 
  PCTFREE 10 PCTUSED 40 INITRANS 1 MAXTRANS 255 
 NOCOMPRESS LOGGING
  STORAGE(INITIAL 65536 NEXT 1048576 MINEXTENTS 1 MAXEXTENTS 2147483645
  PCTINCREASE 0 FREELISTS 1 FREELIST GROUPS 1
  BUFFER_POOL DEFAULT FLASH_CACHE DEFAULT CELL_FLASH_CACHE DEFAULT)
  TABLESPACE "USERS" ;
--------------------------------------------------------
--  DDL for Table NOTAS
--------------------------------------------------------

  CREATE TABLE "ADIXON"."NOTAS" 
   (	"ID_NOTA" NUMBER(*,0), 
	"ID_ALUMNO" NUMBER(*,0), 
	"ID_CURSO" NUMBER(*,0), 
	"P1" NUMBER, 
	"P2" NUMBER, 
	"P3" NUMBER, 
	"P4" NUMBER, 
	"C1" NUMBER, 
	"C2" NUMBER, 
	"C3" NUMBER, 
	"C4" NUMBER, 
	"C5" NUMBER, 
	"C6" NUMBER
   ) SEGMENT CREATION IMMEDIATE 
  PCTFREE 10 PCTUSED 40 INITRANS 1 MAXTRANS 255 
 NOCOMPRESS LOGGING
  STORAGE(INITIAL 65536 NEXT 1048576 MINEXTENTS 1 MAXEXTENTS 2147483645
  PCTINCREASE 0 FREELISTS 1 FREELIST GROUPS 1
  BUFFER_POOL DEFAULT FLASH_CACHE DEFAULT CELL_FLASH_CACHE DEFAULT)
  TABLESPACE "USERS" ;
--------------------------------------------------------
--  DDL for Table PERSONA
--------------------------------------------------------

  CREATE TABLE "ADIXON"."PERSONA" 
   (	"ID_PERSONA" NUMBER(*,0), 
	"DNI" VARCHAR2(8 BYTE), 
	"APELLIDOS" VARCHAR2(25 BYTE), 
	"NOMBRES" VARCHAR2(25 BYTE), 
	"FECHA_N" DATE, 
	"TELOFONO" VARCHAR2(10 BYTE), 
	"CORREO" VARCHAR2(30 BYTE), 
	"DIRECCION" VARCHAR2(25 BYTE), 
	"ESTADO" VARCHAR2(20 BYTE) DEFAULT 'DESACTUALIZADO'
   ) SEGMENT CREATION IMMEDIATE 
  PCTFREE 10 PCTUSED 40 INITRANS 1 MAXTRANS 255 
 NOCOMPRESS LOGGING
  STORAGE(INITIAL 65536 NEXT 1048576 MINEXTENTS 1 MAXEXTENTS 2147483645
  PCTINCREASE 0 FREELISTS 1 FREELIST GROUPS 1
  BUFFER_POOL DEFAULT FLASH_CACHE DEFAULT CELL_FLASH_CACHE DEFAULT)
  TABLESPACE "USERS" ;
--------------------------------------------------------
--  DDL for Table PROFESOR
--------------------------------------------------------

  CREATE TABLE "ADIXON"."PROFESOR" 
   (	"ID_PROFESOR" NUMBER(*,0), 
	"ID_PERSONA" NUMBER(*,0), 
	"ESPECIALIDAD" VARCHAR2(50 BYTE), 
	"PASSWORD" VARCHAR2(60 BYTE)
   ) SEGMENT CREATION IMMEDIATE 
  PCTFREE 10 PCTUSED 40 INITRANS 1 MAXTRANS 255 
 NOCOMPRESS LOGGING
  STORAGE(INITIAL 65536 NEXT 1048576 MINEXTENTS 1 MAXEXTENTS 2147483645
  PCTINCREASE 0 FREELISTS 1 FREELIST GROUPS 1
  BUFFER_POOL DEFAULT FLASH_CACHE DEFAULT CELL_FLASH_CACHE DEFAULT)
  TABLESPACE "USERS" ;
--------------------------------------------------------
--  DDL for View VIEW_HORARIO
--------------------------------------------------------

  CREATE OR REPLACE FORCE NONEDITIONABLE VIEW "ADIXON"."VIEW_HORARIO" ("ID_HORARIO", "ID_ALUMNO", "ID_HORA", "ID_DIA", "AULA", "ID_CURSO", "CURSO", "CODIGO") AS 
  SELECT mh.id_horario, m.id_alumno, h.id_hora,h.id_dia,a.nombre AS Aula, c.id_curso, c.nombre AS Curso, c.codigo
    FROM ADIXON.matricula_horario mh INNER JOIN ADIXON.matricula m ON mh.id_matricula = m.id_matricula
    INNER JOIN ADIXON.horario h ON mh.id_horario = h.id_horario
    INNER JOIN ADIXON.curso c ON h.id_curso = c.id_curso
    INNER JOIN ADIXON.aula a ON h.id_aula = a.id_aula
;
--------------------------------------------------------
--  DDL for View VIEW_HORARIO_DISPO
--------------------------------------------------------

  CREATE OR REPLACE FORCE NONEDITIONABLE VIEW "ADIXON"."VIEW_HORARIO_DISPO" ("ID_HORARIO", "ID_CURSO", "NOMBRE_CURSO", "ID_CICLO", "ID_CARRERA", "APELLIDOS_PROFESOR", "NOMBRES_PROFESOR", "NOMBRE_AULA", "NOMBRE_DIA", "HORA_INICIO", "HORA_FIN", "CAPACID", "CUPOS") AS 
  SELECT
    h.id_horario,
    c.id_curso,
    c.nombre AS nombre_curso,
    ci.id_ciclo AS id_ciclo,
    ca.id_carrera AS id_carrera,
    pe.apellidos AS apellidos_profesor,
    pe.nombres AS nombres_profesor,
    a.nombre AS nombre_aula,
    d.nombre AS nombre_dia,
    ho.hora_ini  AS hora_inicio,
    ho.hora_fin  AS hora_fin,
    a.capacidad AS capacid,
    h.cupos AS cupos
 FROM ADIXON.horario h INNER JOIN ADIXON.curso c ON h.id_curso = c.id_curso
 INNER JOIN ADIXON.dia d ON h.id_dia = d.id_dia
 INNER JOIN ADIXON.aula a ON h.id_aula = a.id_aula
 INNER JOIN ADIXON.hora ho ON h.id_hora = ho.id_hora
 INNER JOIN ADIXON.profesor p ON h.id_profe = p.id_profesor
 INNER JOIN ADIXON.persona pe ON p.id_persona = pe.id_persona
 INNER JOIN ADIXON.ciclo ci ON c.id_ciclo = ci.id_ciclo
 INNER JOIN ADIXON.carrera ca ON c.id_carrera = ca.id_carrera
;
--------------------------------------------------------
--  DDL for View VIEW_NOTAS
--------------------------------------------------------

  CREATE OR REPLACE FORCE NONEDITIONABLE VIEW "ADIXON"."VIEW_NOTAS" ("ID_NOTA", "ID_ALUMNO", "CODIGO", "NOMBRE", "CREDITOS", "P1", "P2", "P3", "P4", "C1", "C2", "C3", "C4", "C5", "C6", "TOTAL_CONTINUA", "TOTAL") AS 
  SELECT n.ID_NOTA, n.ID_ALUMNO, c.CODIGO, c.NOMBRE, c.CREDITOS , n.P1, n.P2 , n.P3, n.P4, n.C1, n.C2, n.C3, n.C4, n.C5, n.C6,0,2
	FROM ADIXON.notas n INNER JOIN ADIXON.curso c ON n.ID_CURSO  = c.ID_CURSO
;
REM INSERTING into ADIXON.ALUMNO
SET DEFINE OFF;
Insert into ADIXON.ALUMNO (ID_ALUMNO,ID_PERSONA,CODIGO,FECHA_INGRE,PASSWORD,ID_CICLO,ID_CARRERA) values ('1','1','20230001',to_date('15/03/23','DD/MM/RR'),'contrasena1','1','7');
Insert into ADIXON.ALUMNO (ID_ALUMNO,ID_PERSONA,CODIGO,FECHA_INGRE,PASSWORD,ID_CICLO,ID_CARRERA) values ('2','2','20230002',to_date('15/03/23','DD/MM/RR'),'contrasena2','1','5');
Insert into ADIXON.ALUMNO (ID_ALUMNO,ID_PERSONA,CODIGO,FECHA_INGRE,PASSWORD,ID_CICLO,ID_CARRERA) values ('3','3','20240003',to_date('10/03/24','DD/MM/RR'),'contrasena3','1','1');
Insert into ADIXON.ALUMNO (ID_ALUMNO,ID_PERSONA,CODIGO,FECHA_INGRE,PASSWORD,ID_CICLO,ID_CARRERA) values ('4','4','20240004',to_date('10/03/24','DD/MM/RR'),'contrasena4','1','7');
REM INSERTING into ADIXON.ASISTENCIA
SET DEFINE OFF;
REM INSERTING into ADIXON.AULA
SET DEFINE OFF;
Insert into ADIXON.AULA (ID_AULA,NOMBRE,CAPACIDAD,TIPO) values ('1','A-101','40','General');
Insert into ADIXON.AULA (ID_AULA,NOMBRE,CAPACIDAD,TIPO) values ('2','A-102','40','General');
Insert into ADIXON.AULA (ID_AULA,NOMBRE,CAPACIDAD,TIPO) values ('3','B-132','40','General');
Insert into ADIXON.AULA (ID_AULA,NOMBRE,CAPACIDAD,TIPO) values ('5','C-105','40','General');
Insert into ADIXON.AULA (ID_AULA,NOMBRE,CAPACIDAD,TIPO) values ('7','D-111','40','General');
Insert into ADIXON.AULA (ID_AULA,NOMBRE,CAPACIDAD,TIPO) values ('8','D-112','40','General');
Insert into ADIXON.AULA (ID_AULA,NOMBRE,CAPACIDAD,TIPO) values ('10','E-302','40','General');
Insert into ADIXON.AULA (ID_AULA,NOMBRE,CAPACIDAD,TIPO) values ('11','F-220','40','General');
Insert into ADIXON.AULA (ID_AULA,NOMBRE,CAPACIDAD,TIPO) values ('13','G-118','40','General');
Insert into ADIXON.AULA (ID_AULA,NOMBRE,CAPACIDAD,TIPO) values ('14','G-119','40','General');
Insert into ADIXON.AULA (ID_AULA,NOMBRE,CAPACIDAD,TIPO) values ('15','H-404','25','Lab Computo');
Insert into ADIXON.AULA (ID_AULA,NOMBRE,CAPACIDAD,TIPO) values ('12','F-221','25','Lab Quimica');
Insert into ADIXON.AULA (ID_AULA,NOMBRE,CAPACIDAD,TIPO) values ('4','B-215','25','Lab Computo');
REM INSERTING into ADIXON.CARRERA
SET DEFINE OFF;
Insert into ADIXON.CARRERA (ID_CARRERA,NOMBRE) values ('7','Ingenieria de Sistemas');
Insert into ADIXON.CARRERA (ID_CARRERA,NOMBRE) values ('2','Enfemeria');
Insert into ADIXON.CARRERA (ID_CARRERA,NOMBRE) values ('3','Ingenieria Civil');
Insert into ADIXON.CARRERA (ID_CARRERA,NOMBRE) values ('4','Psicologia');
Insert into ADIXON.CARRERA (ID_CARRERA,NOMBRE) values ('5','Derecho');
Insert into ADIXON.CARRERA (ID_CARRERA,NOMBRE) values ('6','Contabilidad');
Insert into ADIXON.CARRERA (ID_CARRERA,NOMBRE) values ('1','General');
REM INSERTING into ADIXON.CICLO
SET DEFINE OFF;
Insert into ADIXON.CICLO (ID_CICLO,NOMBRE) values ('1','I');
Insert into ADIXON.CICLO (ID_CICLO,NOMBRE) values ('2','II');
Insert into ADIXON.CICLO (ID_CICLO,NOMBRE) values ('3','III');
Insert into ADIXON.CICLO (ID_CICLO,NOMBRE) values ('4','IV');
Insert into ADIXON.CICLO (ID_CICLO,NOMBRE) values ('5','V');
Insert into ADIXON.CICLO (ID_CICLO,NOMBRE) values ('6','VI');
Insert into ADIXON.CICLO (ID_CICLO,NOMBRE) values ('7','VII');
Insert into ADIXON.CICLO (ID_CICLO,NOMBRE) values ('8','VIII');
Insert into ADIXON.CICLO (ID_CICLO,NOMBRE) values ('9','IX');
Insert into ADIXON.CICLO (ID_CICLO,NOMBRE) values ('10','X');
REM INSERTING into ADIXON.CURSO
SET DEFINE OFF;
Insert into ADIXON.CURSO (ID_CURSO,CODIGO,NOMBRE,CREDITOS,ID_CICLO,ID_CARRERA) values ('1','584','Fisica II','3','2','3');
Insert into ADIXON.CURSO (ID_CURSO,CODIGO,NOMBRE,CREDITOS,ID_CICLO,ID_CARRERA) values ('2','624','Teologia','3','1','1');
Insert into ADIXON.CURSO (ID_CURSO,CODIGO,NOMBRE,CREDITOS,ID_CICLO,ID_CARRERA) values ('3','792','Estructuras Discretas','3','1','7');
Insert into ADIXON.CURSO (ID_CURSO,CODIGO,NOMBRE,CREDITOS,ID_CICLO,ID_CARRERA) values ('4','789','Introduccion al Derecho','4','1','5');
REM INSERTING into ADIXON.DIA
SET DEFINE OFF;
Insert into ADIXON.DIA (ID_DIA,NOMBRE) values ('1','Lunes');
Insert into ADIXON.DIA (ID_DIA,NOMBRE) values ('2','Martes');
Insert into ADIXON.DIA (ID_DIA,NOMBRE) values ('3','Miércoles');
Insert into ADIXON.DIA (ID_DIA,NOMBRE) values ('4','Jueves');
Insert into ADIXON.DIA (ID_DIA,NOMBRE) values ('5','Viernes');
Insert into ADIXON.DIA (ID_DIA,NOMBRE) values ('6','Sábado');
Insert into ADIXON.DIA (ID_DIA,NOMBRE) values ('7','Domingo');
REM INSERTING into ADIXON.EMPLEADO
SET DEFINE OFF;
Insert into ADIXON.EMPLEADO (ID_EMPLEADO,NOMBRE,SALARIO) values ('1','Ana','1100');
Insert into ADIXON.EMPLEADO (ID_EMPLEADO,NOMBRE,SALARIO) values ('2','Luis','1650');
Insert into ADIXON.EMPLEADO (ID_EMPLEADO,NOMBRE,SALARIO) values ('3','Maria','1000');
Insert into ADIXON.EMPLEADO (ID_EMPLEADO,NOMBRE,SALARIO) values ('4','Pedro','1200');
REM INSERTING into ADIXON.HORA
SET DEFINE OFF;
Insert into ADIXON.HORA (ID_HORA,HORA_INI,HORA_FIN) values ('3','10:10','11:45');
Insert into ADIXON.HORA (ID_HORA,HORA_INI,HORA_FIN) values ('4','12:00','13:30');
Insert into ADIXON.HORA (ID_HORA,HORA_INI,HORA_FIN) values ('5','14:00','15:30');
Insert into ADIXON.HORA (ID_HORA,HORA_INI,HORA_FIN) values ('6','15:45','17:15');
Insert into ADIXON.HORA (ID_HORA,HORA_INI,HORA_FIN) values ('7','17:30','19:00');
Insert into ADIXON.HORA (ID_HORA,HORA_INI,HORA_FIN) values ('8','19:10','20:40');
Insert into ADIXON.HORA (ID_HORA,HORA_INI,HORA_FIN) values ('9','20:50','22:20');
Insert into ADIXON.HORA (ID_HORA,HORA_INI,HORA_FIN) values ('2','08:30','10:00');
Insert into ADIXON.HORA (ID_HORA,HORA_INI,HORA_FIN) values ('1','07:00','08:20');
REM INSERTING into ADIXON.HORARIO
SET DEFINE OFF;
Insert into ADIXON.HORARIO (ID_HORARIO,ID_CURSO,ID_DIA,ID_AULA,ID_HORA,ID_PROFE,CUPOS) values ('1','1','5','3','4','3','0');
Insert into ADIXON.HORARIO (ID_HORARIO,ID_CURSO,ID_DIA,ID_AULA,ID_HORA,ID_PROFE,CUPOS) values ('2','2','2','5','6','2','0');
Insert into ADIXON.HORARIO (ID_HORARIO,ID_CURSO,ID_DIA,ID_AULA,ID_HORA,ID_PROFE,CUPOS) values ('3','3','1','2','1','1','0');
Insert into ADIXON.HORARIO (ID_HORARIO,ID_CURSO,ID_DIA,ID_AULA,ID_HORA,ID_PROFE,CUPOS) values ('4','2','2','1','5','1','0');
Insert into ADIXON.HORARIO (ID_HORARIO,ID_CURSO,ID_DIA,ID_AULA,ID_HORA,ID_PROFE,CUPOS) values ('5','4','4','3','7','4','0');
REM INSERTING into ADIXON.MATRICULA
SET DEFINE OFF;
Insert into ADIXON.MATRICULA (ID_MATRICULA,ID_ALUMNO,FECHA_MATRI,ESTADO) values ('1','1',to_date('05/02/25','DD/MM/RR'),'ACTIVO');
Insert into ADIXON.MATRICULA (ID_MATRICULA,ID_ALUMNO,FECHA_MATRI,ESTADO) values ('2','2',to_date('19/05/25','DD/MM/RR'),'ACTIVO');
REM INSERTING into ADIXON.MATRICULA_HORARIO
SET DEFINE OFF;
Insert into ADIXON.MATRICULA_HORARIO (ID_MATRICULA_HORARIO,ID_MATRICULA,ID_HORARIO) values ('152','1','3');
Insert into ADIXON.MATRICULA_HORARIO (ID_MATRICULA_HORARIO,ID_MATRICULA,ID_HORARIO) values ('61','2','5');
REM INSERTING into ADIXON.NOTAS
SET DEFINE OFF;
Insert into ADIXON.NOTAS (ID_NOTA,ID_ALUMNO,ID_CURSO,P1,P2,P3,P4,C1,C2,C3,C4,C5,C6) values ('1','1','3','0','0','0','0','0','0','0','0','0','0');
REM INSERTING into ADIXON.PERSONA
SET DEFINE OFF;
Insert into ADIXON.PERSONA (ID_PERSONA,DNI,APELLIDOS,NOMBRES,FECHA_N,TELOFONO,CORREO,DIRECCION,ESTADO) values ('1','75424207','Torres Quispe','Adixon J',to_date('24/04/25','DD/MM/RR'),'978035893','12345@gmail.com','JR Santa','ACTUALIZADO');
Insert into ADIXON.PERSONA (ID_PERSONA,DNI,APELLIDOS,NOMBRES,FECHA_N,TELOFONO,CORREO,DIRECCION,ESTADO) values ('2','23456789','Rojas Bautista','Kateryn Xiomara',to_date('22/10/85','DD/MM/RR'),'998765432','kateryn.xiomara@example.com','Avenida B 456','DESACTUALIZADO');
Insert into ADIXON.PERSONA (ID_PERSONA,DNI,APELLIDOS,NOMBRES,FECHA_N,TELOFONO,CORREO,DIRECCION,ESTADO) values ('3','34567890','López','Carlos',to_date('08/03/02','DD/MM/RR'),'976543210','carlos.lopez@example.com','Jr. C 789','DESACTUALIZADO');
Insert into ADIXON.PERSONA (ID_PERSONA,DNI,APELLIDOS,NOMBRES,FECHA_N,TELOFONO,CORREO,DIRECCION,ESTADO) values ('4','45678901','Martínez','Ana',to_date('01/12/98','DD/MM/RR'),'965432109','ana.martinez@example.com','Calle D 101','DESACTUALIZADO');
Insert into ADIXON.PERSONA (ID_PERSONA,DNI,APELLIDOS,NOMBRES,FECHA_N,TELOFONO,CORREO,DIRECCION,ESTADO) values ('5','56789012','Rodríguez','Luis',to_date('18/07/79','DD/MM/RR'),'954321098','luis.rodriguez@example.com','Avenida E 222','DESACTUALIZADO');
Insert into ADIXON.PERSONA (ID_PERSONA,DNI,APELLIDOS,NOMBRES,FECHA_N,TELOFONO,CORREO,DIRECCION,ESTADO) values ('6','67890123','Sánchez','Laura',to_date('28/01/05','DD/MM/RR'),'943210987','laura.sanchez@example.com','Jr. F 333','DESACTUALIZADO');
Insert into ADIXON.PERSONA (ID_PERSONA,DNI,APELLIDOS,NOMBRES,FECHA_N,TELOFONO,CORREO,DIRECCION,ESTADO) values ('7','78901234','Ramírez','Pedro',to_date('05/09/92','DD/MM/RR'),'932109876','pedro.ramirez@example.com','Calle G 444','DESACTUALIZADO');
Insert into ADIXON.PERSONA (ID_PERSONA,DNI,APELLIDOS,NOMBRES,FECHA_N,TELOFONO,CORREO,DIRECCION,ESTADO) values ('8','89012345','Flores','Sofía',to_date('12/06/88','DD/MM/RR'),'921098765','sofia.flores@example.com','Avenida H 555','DESACTUALIZADO');
Insert into ADIXON.PERSONA (ID_PERSONA,DNI,APELLIDOS,NOMBRES,FECHA_N,TELOFONO,CORREO,DIRECCION,ESTADO) values ('9','90123456','Díaz','Diego',to_date('20/11/00','DD/MM/RR'),'910987654','diego.diaz@example.com','Jr. I 666','DESACTUALIZADO');
Insert into ADIXON.PERSONA (ID_PERSONA,DNI,APELLIDOS,NOMBRES,FECHA_N,TELOFONO,CORREO,DIRECCION,ESTADO) values ('10','01234567','Ruiz','Isabel',to_date('03/04/95','DD/MM/RR'),'909876543','isabel.ruiz@example.com','Calle J 777','DESACTUALIZADO');
Insert into ADIXON.PERSONA (ID_PERSONA,DNI,APELLIDOS,NOMBRES,FECHA_N,TELOFONO,CORREO,DIRECCION,ESTADO) values ('11','11223344','Torres','Javier',to_date('09/08/82','DD/MM/RR'),'988776655','javier.torres@example.com','Avenida K 888','DESACTUALIZADO');
Insert into ADIXON.PERSONA (ID_PERSONA,DNI,APELLIDOS,NOMBRES,FECHA_N,TELOFONO,CORREO,DIRECCION,ESTADO) values ('12','22334455','Vargas','Carmen',to_date('14/02/03','DD/MM/RR'),'977665544','carmen.vargas@example.com','Jr. L 999','DESACTUALIZADO');
Insert into ADIXON.PERSONA (ID_PERSONA,DNI,APELLIDOS,NOMBRES,FECHA_N,TELOFONO,CORREO,DIRECCION,ESTADO) values ('13','33445566','Castro','Andrés',to_date('27/10/97','DD/MM/RR'),'966554433','andres.castro@example.com','Calle M 1000','DESACTUALIZADO');
Insert into ADIXON.PERSONA (ID_PERSONA,DNI,APELLIDOS,NOMBRES,FECHA_N,TELOFONO,CORREO,DIRECCION,ESTADO) values ('14','44556677','Silva','Paula',to_date('02/01/91','DD/MM/RR'),'955443322','paula.silva@example.com','Avenida N 1111','DESACTUALIZADO');
Insert into ADIXON.PERSONA (ID_PERSONA,DNI,APELLIDOS,NOMBRES,FECHA_N,TELOFONO,CORREO,DIRECCION,ESTADO) values ('15','55667788','Núñez','Roberto',to_date('30/06/06','DD/MM/RR'),'944332211','roberto.nunez@example.com','Jr. O 1222','DESACTUALIZADO');
REM INSERTING into ADIXON.PROFESOR
SET DEFINE OFF;
Insert into ADIXON.PROFESOR (ID_PROFESOR,ID_PERSONA,ESPECIALIDAD,PASSWORD) values ('1','2','Fisica','12346578');
Insert into ADIXON.PROFESOR (ID_PROFESOR,ID_PERSONA,ESPECIALIDAD,PASSWORD) values ('2','3','Calculo','87654321');
Insert into ADIXON.PROFESOR (ID_PROFESOR,ID_PERSONA,ESPECIALIDAD,PASSWORD) values ('3','4','Redaccion','81234567');
Insert into ADIXON.PROFESOR (ID_PROFESOR,ID_PERSONA,ESPECIALIDAD,PASSWORD) values ('4','7','Abogado','321654987');
--------------------------------------------------------
--  DDL for Index ALUMNO_PK
--------------------------------------------------------

  CREATE UNIQUE INDEX "ADIXON"."ALUMNO_PK" ON "ADIXON"."ALUMNO" ("ID_ALUMNO") 
  PCTFREE 10 INITRANS 2 MAXTRANS 255 COMPUTE STATISTICS 
  STORAGE(INITIAL 65536 NEXT 1048576 MINEXTENTS 1 MAXEXTENTS 2147483645
  PCTINCREASE 0 FREELISTS 1 FREELIST GROUPS 1
  BUFFER_POOL DEFAULT FLASH_CACHE DEFAULT CELL_FLASH_CACHE DEFAULT)
  TABLESPACE "USERS" ;
--------------------------------------------------------
--  DDL for Index ASISTENCIA_PK
--------------------------------------------------------

  CREATE UNIQUE INDEX "ADIXON"."ASISTENCIA_PK" ON "ADIXON"."ASISTENCIA" ("ID_ASISTENCIA") 
  PCTFREE 10 INITRANS 2 MAXTRANS 255 COMPUTE STATISTICS 
  TABLESPACE "USERS" ;
--------------------------------------------------------
--  DDL for Index AULA_PK
--------------------------------------------------------

  CREATE UNIQUE INDEX "ADIXON"."AULA_PK" ON "ADIXON"."AULA" ("ID_AULA") 
  PCTFREE 10 INITRANS 2 MAXTRANS 255 COMPUTE STATISTICS 
  STORAGE(INITIAL 65536 NEXT 1048576 MINEXTENTS 1 MAXEXTENTS 2147483645
  PCTINCREASE 0 FREELISTS 1 FREELIST GROUPS 1
  BUFFER_POOL DEFAULT FLASH_CACHE DEFAULT CELL_FLASH_CACHE DEFAULT)
  TABLESPACE "USERS" ;
--------------------------------------------------------
--  DDL for Index CARRERA_PK
--------------------------------------------------------

  CREATE UNIQUE INDEX "ADIXON"."CARRERA_PK" ON "ADIXON"."CARRERA" ("ID_CARRERA") 
  PCTFREE 10 INITRANS 2 MAXTRANS 255 COMPUTE STATISTICS 
  STORAGE(INITIAL 65536 NEXT 1048576 MINEXTENTS 1 MAXEXTENTS 2147483645
  PCTINCREASE 0 FREELISTS 1 FREELIST GROUPS 1
  BUFFER_POOL DEFAULT FLASH_CACHE DEFAULT CELL_FLASH_CACHE DEFAULT)
  TABLESPACE "USERS" ;
--------------------------------------------------------
--  DDL for Index CICLO_PK
--------------------------------------------------------

  CREATE UNIQUE INDEX "ADIXON"."CICLO_PK" ON "ADIXON"."CICLO" ("ID_CICLO") 
  PCTFREE 10 INITRANS 2 MAXTRANS 255 COMPUTE STATISTICS 
  STORAGE(INITIAL 65536 NEXT 1048576 MINEXTENTS 1 MAXEXTENTS 2147483645
  PCTINCREASE 0 FREELISTS 1 FREELIST GROUPS 1
  BUFFER_POOL DEFAULT FLASH_CACHE DEFAULT CELL_FLASH_CACHE DEFAULT)
  TABLESPACE "USERS" ;
--------------------------------------------------------
--  DDL for Index CURSO_PK
--------------------------------------------------------

  CREATE UNIQUE INDEX "ADIXON"."CURSO_PK" ON "ADIXON"."CURSO" ("ID_CURSO") 
  PCTFREE 10 INITRANS 2 MAXTRANS 255 COMPUTE STATISTICS 
  STORAGE(INITIAL 65536 NEXT 1048576 MINEXTENTS 1 MAXEXTENTS 2147483645
  PCTINCREASE 0 FREELISTS 1 FREELIST GROUPS 1
  BUFFER_POOL DEFAULT FLASH_CACHE DEFAULT CELL_FLASH_CACHE DEFAULT)
  TABLESPACE "USERS" ;
--------------------------------------------------------
--  DDL for Index DIA_PK
--------------------------------------------------------

  CREATE UNIQUE INDEX "ADIXON"."DIA_PK" ON "ADIXON"."DIA" ("ID_DIA") 
  PCTFREE 10 INITRANS 2 MAXTRANS 255 COMPUTE STATISTICS 
  STORAGE(INITIAL 65536 NEXT 1048576 MINEXTENTS 1 MAXEXTENTS 2147483645
  PCTINCREASE 0 FREELISTS 1 FREELIST GROUPS 1
  BUFFER_POOL DEFAULT FLASH_CACHE DEFAULT CELL_FLASH_CACHE DEFAULT)
  TABLESPACE "USERS" ;
--------------------------------------------------------
--  DDL for Index EMPLEADO_PK
--------------------------------------------------------

  CREATE UNIQUE INDEX "ADIXON"."EMPLEADO_PK" ON "ADIXON"."EMPLEADO" ("ID_EMPLEADO") 
  PCTFREE 10 INITRANS 2 MAXTRANS 255 COMPUTE STATISTICS 
  STORAGE(INITIAL 65536 NEXT 1048576 MINEXTENTS 1 MAXEXTENTS 2147483645
  PCTINCREASE 0 FREELISTS 1 FREELIST GROUPS 1
  BUFFER_POOL DEFAULT FLASH_CACHE DEFAULT CELL_FLASH_CACHE DEFAULT)
  TABLESPACE "USERS" ;
--------------------------------------------------------
--  DDL for Index HORA_PK
--------------------------------------------------------

  CREATE UNIQUE INDEX "ADIXON"."HORA_PK" ON "ADIXON"."HORA" ("ID_HORA") 
  PCTFREE 10 INITRANS 2 MAXTRANS 255 COMPUTE STATISTICS 
  STORAGE(INITIAL 65536 NEXT 1048576 MINEXTENTS 1 MAXEXTENTS 2147483645
  PCTINCREASE 0 FREELISTS 1 FREELIST GROUPS 1
  BUFFER_POOL DEFAULT FLASH_CACHE DEFAULT CELL_FLASH_CACHE DEFAULT)
  TABLESPACE "USERS" ;
--------------------------------------------------------
--  DDL for Index HORARIO_PK
--------------------------------------------------------

  CREATE UNIQUE INDEX "ADIXON"."HORARIO_PK" ON "ADIXON"."HORARIO" ("ID_HORARIO") 
  PCTFREE 10 INITRANS 2 MAXTRANS 255 COMPUTE STATISTICS 
  STORAGE(INITIAL 65536 NEXT 1048576 MINEXTENTS 1 MAXEXTENTS 2147483645
  PCTINCREASE 0 FREELISTS 1 FREELIST GROUPS 1
  BUFFER_POOL DEFAULT FLASH_CACHE DEFAULT CELL_FLASH_CACHE DEFAULT)
  TABLESPACE "USERS" ;
--------------------------------------------------------
--  DDL for Index MATRICULA_HORARIO_PK
--------------------------------------------------------

  CREATE UNIQUE INDEX "ADIXON"."MATRICULA_HORARIO_PK" ON "ADIXON"."MATRICULA_HORARIO" ("ID_MATRICULA_HORARIO") 
  PCTFREE 10 INITRANS 2 MAXTRANS 255 COMPUTE STATISTICS 
  STORAGE(INITIAL 65536 NEXT 1048576 MINEXTENTS 1 MAXEXTENTS 2147483645
  PCTINCREASE 0 FREELISTS 1 FREELIST GROUPS 1
  BUFFER_POOL DEFAULT FLASH_CACHE DEFAULT CELL_FLASH_CACHE DEFAULT)
  TABLESPACE "USERS" ;
--------------------------------------------------------
--  DDL for Index MATRICULA_PK
--------------------------------------------------------

  CREATE UNIQUE INDEX "ADIXON"."MATRICULA_PK" ON "ADIXON"."MATRICULA" ("ID_MATRICULA") 
  PCTFREE 10 INITRANS 2 MAXTRANS 255 COMPUTE STATISTICS 
  STORAGE(INITIAL 65536 NEXT 1048576 MINEXTENTS 1 MAXEXTENTS 2147483645
  PCTINCREASE 0 FREELISTS 1 FREELIST GROUPS 1
  BUFFER_POOL DEFAULT FLASH_CACHE DEFAULT CELL_FLASH_CACHE DEFAULT)
  TABLESPACE "USERS" ;
--------------------------------------------------------
--  DDL for Index NOTAS_PK
--------------------------------------------------------

  CREATE UNIQUE INDEX "ADIXON"."NOTAS_PK" ON "ADIXON"."NOTAS" ("ID_NOTA") 
  PCTFREE 10 INITRANS 2 MAXTRANS 255 COMPUTE STATISTICS 
  STORAGE(INITIAL 65536 NEXT 1048576 MINEXTENTS 1 MAXEXTENTS 2147483645
  PCTINCREASE 0 FREELISTS 1 FREELIST GROUPS 1
  BUFFER_POOL DEFAULT FLASH_CACHE DEFAULT CELL_FLASH_CACHE DEFAULT)
  TABLESPACE "USERS" ;
--------------------------------------------------------
--  DDL for Index PERSONA_PK
--------------------------------------------------------

  CREATE UNIQUE INDEX "ADIXON"."PERSONA_PK" ON "ADIXON"."PERSONA" ("ID_PERSONA") 
  PCTFREE 10 INITRANS 2 MAXTRANS 255 COMPUTE STATISTICS 
  STORAGE(INITIAL 65536 NEXT 1048576 MINEXTENTS 1 MAXEXTENTS 2147483645
  PCTINCREASE 0 FREELISTS 1 FREELIST GROUPS 1
  BUFFER_POOL DEFAULT FLASH_CACHE DEFAULT CELL_FLASH_CACHE DEFAULT)
  TABLESPACE "USERS" ;
--------------------------------------------------------
--  DDL for Index PROFESOR_PK
--------------------------------------------------------

  CREATE UNIQUE INDEX "ADIXON"."PROFESOR_PK" ON "ADIXON"."PROFESOR" ("ID_PROFESOR") 
  PCTFREE 10 INITRANS 2 MAXTRANS 255 COMPUTE STATISTICS 
  STORAGE(INITIAL 65536 NEXT 1048576 MINEXTENTS 1 MAXEXTENTS 2147483645
  PCTINCREASE 0 FREELISTS 1 FREELIST GROUPS 1
  BUFFER_POOL DEFAULT FLASH_CACHE DEFAULT CELL_FLASH_CACHE DEFAULT)
  TABLESPACE "USERS" ;
--------------------------------------------------------
--  DDL for Index ALUMNO_PK
--------------------------------------------------------

  CREATE UNIQUE INDEX "ADIXON"."ALUMNO_PK" ON "ADIXON"."ALUMNO" ("ID_ALUMNO") 
  PCTFREE 10 INITRANS 2 MAXTRANS 255 COMPUTE STATISTICS 
  STORAGE(INITIAL 65536 NEXT 1048576 MINEXTENTS 1 MAXEXTENTS 2147483645
  PCTINCREASE 0 FREELISTS 1 FREELIST GROUPS 1
  BUFFER_POOL DEFAULT FLASH_CACHE DEFAULT CELL_FLASH_CACHE DEFAULT)
  TABLESPACE "USERS" ;
--------------------------------------------------------
--  DDL for Index ASISTENCIA_PK
--------------------------------------------------------

  CREATE UNIQUE INDEX "ADIXON"."ASISTENCIA_PK" ON "ADIXON"."ASISTENCIA" ("ID_ASISTENCIA") 
  PCTFREE 10 INITRANS 2 MAXTRANS 255 COMPUTE STATISTICS 
  TABLESPACE "USERS" ;
--------------------------------------------------------
--  DDL for Index AULA_PK
--------------------------------------------------------

  CREATE UNIQUE INDEX "ADIXON"."AULA_PK" ON "ADIXON"."AULA" ("ID_AULA") 
  PCTFREE 10 INITRANS 2 MAXTRANS 255 COMPUTE STATISTICS 
  STORAGE(INITIAL 65536 NEXT 1048576 MINEXTENTS 1 MAXEXTENTS 2147483645
  PCTINCREASE 0 FREELISTS 1 FREELIST GROUPS 1
  BUFFER_POOL DEFAULT FLASH_CACHE DEFAULT CELL_FLASH_CACHE DEFAULT)
  TABLESPACE "USERS" ;
--------------------------------------------------------
--  DDL for Index CARRERA_PK
--------------------------------------------------------

  CREATE UNIQUE INDEX "ADIXON"."CARRERA_PK" ON "ADIXON"."CARRERA" ("ID_CARRERA") 
  PCTFREE 10 INITRANS 2 MAXTRANS 255 COMPUTE STATISTICS 
  STORAGE(INITIAL 65536 NEXT 1048576 MINEXTENTS 1 MAXEXTENTS 2147483645
  PCTINCREASE 0 FREELISTS 1 FREELIST GROUPS 1
  BUFFER_POOL DEFAULT FLASH_CACHE DEFAULT CELL_FLASH_CACHE DEFAULT)
  TABLESPACE "USERS" ;
--------------------------------------------------------
--  DDL for Index CICLO_PK
--------------------------------------------------------

  CREATE UNIQUE INDEX "ADIXON"."CICLO_PK" ON "ADIXON"."CICLO" ("ID_CICLO") 
  PCTFREE 10 INITRANS 2 MAXTRANS 255 COMPUTE STATISTICS 
  STORAGE(INITIAL 65536 NEXT 1048576 MINEXTENTS 1 MAXEXTENTS 2147483645
  PCTINCREASE 0 FREELISTS 1 FREELIST GROUPS 1
  BUFFER_POOL DEFAULT FLASH_CACHE DEFAULT CELL_FLASH_CACHE DEFAULT)
  TABLESPACE "USERS" ;
--------------------------------------------------------
--  DDL for Index CURSO_PK
--------------------------------------------------------

  CREATE UNIQUE INDEX "ADIXON"."CURSO_PK" ON "ADIXON"."CURSO" ("ID_CURSO") 
  PCTFREE 10 INITRANS 2 MAXTRANS 255 COMPUTE STATISTICS 
  STORAGE(INITIAL 65536 NEXT 1048576 MINEXTENTS 1 MAXEXTENTS 2147483645
  PCTINCREASE 0 FREELISTS 1 FREELIST GROUPS 1
  BUFFER_POOL DEFAULT FLASH_CACHE DEFAULT CELL_FLASH_CACHE DEFAULT)
  TABLESPACE "USERS" ;
--------------------------------------------------------
--  DDL for Index DIA_PK
--------------------------------------------------------

  CREATE UNIQUE INDEX "ADIXON"."DIA_PK" ON "ADIXON"."DIA" ("ID_DIA") 
  PCTFREE 10 INITRANS 2 MAXTRANS 255 COMPUTE STATISTICS 
  STORAGE(INITIAL 65536 NEXT 1048576 MINEXTENTS 1 MAXEXTENTS 2147483645
  PCTINCREASE 0 FREELISTS 1 FREELIST GROUPS 1
  BUFFER_POOL DEFAULT FLASH_CACHE DEFAULT CELL_FLASH_CACHE DEFAULT)
  TABLESPACE "USERS" ;
--------------------------------------------------------
--  DDL for Index EMPLEADO_PK
--------------------------------------------------------

  CREATE UNIQUE INDEX "ADIXON"."EMPLEADO_PK" ON "ADIXON"."EMPLEADO" ("ID_EMPLEADO") 
  PCTFREE 10 INITRANS 2 MAXTRANS 255 COMPUTE STATISTICS 
  STORAGE(INITIAL 65536 NEXT 1048576 MINEXTENTS 1 MAXEXTENTS 2147483645
  PCTINCREASE 0 FREELISTS 1 FREELIST GROUPS 1
  BUFFER_POOL DEFAULT FLASH_CACHE DEFAULT CELL_FLASH_CACHE DEFAULT)
  TABLESPACE "USERS" ;
--------------------------------------------------------
--  DDL for Index HORA_PK
--------------------------------------------------------

  CREATE UNIQUE INDEX "ADIXON"."HORA_PK" ON "ADIXON"."HORA" ("ID_HORA") 
  PCTFREE 10 INITRANS 2 MAXTRANS 255 COMPUTE STATISTICS 
  STORAGE(INITIAL 65536 NEXT 1048576 MINEXTENTS 1 MAXEXTENTS 2147483645
  PCTINCREASE 0 FREELISTS 1 FREELIST GROUPS 1
  BUFFER_POOL DEFAULT FLASH_CACHE DEFAULT CELL_FLASH_CACHE DEFAULT)
  TABLESPACE "USERS" ;
--------------------------------------------------------
--  DDL for Index HORARIO_PK
--------------------------------------------------------

  CREATE UNIQUE INDEX "ADIXON"."HORARIO_PK" ON "ADIXON"."HORARIO" ("ID_HORARIO") 
  PCTFREE 10 INITRANS 2 MAXTRANS 255 COMPUTE STATISTICS 
  STORAGE(INITIAL 65536 NEXT 1048576 MINEXTENTS 1 MAXEXTENTS 2147483645
  PCTINCREASE 0 FREELISTS 1 FREELIST GROUPS 1
  BUFFER_POOL DEFAULT FLASH_CACHE DEFAULT CELL_FLASH_CACHE DEFAULT)
  TABLESPACE "USERS" ;
--------------------------------------------------------
--  DDL for Index MATRICULA_PK
--------------------------------------------------------

  CREATE UNIQUE INDEX "ADIXON"."MATRICULA_PK" ON "ADIXON"."MATRICULA" ("ID_MATRICULA") 
  PCTFREE 10 INITRANS 2 MAXTRANS 255 COMPUTE STATISTICS 
  STORAGE(INITIAL 65536 NEXT 1048576 MINEXTENTS 1 MAXEXTENTS 2147483645
  PCTINCREASE 0 FREELISTS 1 FREELIST GROUPS 1
  BUFFER_POOL DEFAULT FLASH_CACHE DEFAULT CELL_FLASH_CACHE DEFAULT)
  TABLESPACE "USERS" ;
--------------------------------------------------------
--  DDL for Index MATRICULA_HORARIO_PK
--------------------------------------------------------

  CREATE UNIQUE INDEX "ADIXON"."MATRICULA_HORARIO_PK" ON "ADIXON"."MATRICULA_HORARIO" ("ID_MATRICULA_HORARIO") 
  PCTFREE 10 INITRANS 2 MAXTRANS 255 COMPUTE STATISTICS 
  STORAGE(INITIAL 65536 NEXT 1048576 MINEXTENTS 1 MAXEXTENTS 2147483645
  PCTINCREASE 0 FREELISTS 1 FREELIST GROUPS 1
  BUFFER_POOL DEFAULT FLASH_CACHE DEFAULT CELL_FLASH_CACHE DEFAULT)
  TABLESPACE "USERS" ;
--------------------------------------------------------
--  DDL for Index NOTAS_PK
--------------------------------------------------------

  CREATE UNIQUE INDEX "ADIXON"."NOTAS_PK" ON "ADIXON"."NOTAS" ("ID_NOTA") 
  PCTFREE 10 INITRANS 2 MAXTRANS 255 COMPUTE STATISTICS 
  STORAGE(INITIAL 65536 NEXT 1048576 MINEXTENTS 1 MAXEXTENTS 2147483645
  PCTINCREASE 0 FREELISTS 1 FREELIST GROUPS 1
  BUFFER_POOL DEFAULT FLASH_CACHE DEFAULT CELL_FLASH_CACHE DEFAULT)
  TABLESPACE "USERS" ;
--------------------------------------------------------
--  DDL for Index PERSONA_PK
--------------------------------------------------------

  CREATE UNIQUE INDEX "ADIXON"."PERSONA_PK" ON "ADIXON"."PERSONA" ("ID_PERSONA") 
  PCTFREE 10 INITRANS 2 MAXTRANS 255 COMPUTE STATISTICS 
  STORAGE(INITIAL 65536 NEXT 1048576 MINEXTENTS 1 MAXEXTENTS 2147483645
  PCTINCREASE 0 FREELISTS 1 FREELIST GROUPS 1
  BUFFER_POOL DEFAULT FLASH_CACHE DEFAULT CELL_FLASH_CACHE DEFAULT)
  TABLESPACE "USERS" ;
--------------------------------------------------------
--  DDL for Index PROFESOR_PK
--------------------------------------------------------

  CREATE UNIQUE INDEX "ADIXON"."PROFESOR_PK" ON "ADIXON"."PROFESOR" ("ID_PROFESOR") 
  PCTFREE 10 INITRANS 2 MAXTRANS 255 COMPUTE STATISTICS 
  STORAGE(INITIAL 65536 NEXT 1048576 MINEXTENTS 1 MAXEXTENTS 2147483645
  PCTINCREASE 0 FREELISTS 1 FREELIST GROUPS 1
  BUFFER_POOL DEFAULT FLASH_CACHE DEFAULT CELL_FLASH_CACHE DEFAULT)
  TABLESPACE "USERS" ;
--------------------------------------------------------
--  DDL for Procedure CREATE_MATRICULA
--------------------------------------------------------
set define off;

  CREATE OR REPLACE NONEDITIONABLE PROCEDURE "ADIXON"."CREATE_MATRICULA" (
    p_ID_MATRICULA IN NUMBER,
    p_ID_ALUMNO IN NUMBER,
    p_FECHA_MATRI IN DATE
)
AS
BEGIN
    INSERT INTO ADIXON.MATRICULA (ID_MATRICULA, ID_ALUMNO, FECHA_MATRI)
    VALUES (p_ID_MATRICULA, p_ID_ALUMNO, p_FECHA_MATRI);
    COMMIT; 
END CREATE_MATRICULA;

/
--------------------------------------------------------
--  DDL for Procedure CREATE_MATRICULA_HORARIO
--------------------------------------------------------
set define off;

  CREATE OR REPLACE NONEDITIONABLE PROCEDURE "ADIXON"."CREATE_MATRICULA_HORARIO" (
    p_ID_ALUMNO IN NUMBER,
    p_ID_HORARIO IN NUMBER,
    p_ID_CURSO IN NUMBER
)
AS
	id_matri ADIXON.MATRICULA.ID_MATRICULA%TYPE;
	id_not ADIXON.NOTAS.ID_NOTA%TYPE;
BEGIN
	id_matri := ADIXON.LOAD_ID_MATRICULA(p_ID_ALUMNO);
	id_not := ADIXON.LOAD_ID_NOTA();
	--Primero eliminamos los datos
	DELETE FROM ADIXON.MATRICULA_HORARIO WHERE ID_MATRICULA = id_matri AND ID_HORARIO = p_ID_HORARIO;
	DELETE FROM ADIXON.NOTAS WHERE ID_ALUMNO = p_ID_ALUMNO AND ID_CURSO = p_ID_CURSO;
	
	--y ahora solo toca agregar
    INSERT INTO ADIXON.MATRICULA_HORARIO (ID_MATRICULA, ID_HORARIO)
    	VALUES (id_matri, p_ID_HORARIO);
	DBMS_OUTPUT.PUT_LINE('El id nota es: '||id_not);

	INSERT INTO ADIXON.NOTAS(ID_NOTA, ID_ALUMNO, ID_CURSO, P1, P2, P3, P4, C1, C2, C3, C4, C5, C6)
		VALUES (id_not, p_ID_ALUMNO, p_ID_CURSO, 0,0,0,0,0,0,0,0,0,0);
    COMMIT;
END CREATE_MATRICULA_HORARIO;

/
--------------------------------------------------------
--  DDL for Procedure DELETE_MATRICULA_HORARIO
--------------------------------------------------------
set define off;

  CREATE OR REPLACE NONEDITIONABLE PROCEDURE "ADIXON"."DELETE_MATRICULA_HORARIO" (
	id_al IN NUMBER,
	id_horario IN NUMBER,
	id_curso IN NUMBER)
AS
	id_ma ADIXON.MATRICULA.ID_MATRICULA%TYPE;
BEGIN
	id_ma := ADIXON.LOAD_ID_MATRICULA(id_al);
	DELETE FROM ADIXON.MATRICULA_HORARIO WHERE ID_MATRICULA = id_ma AND ID_HORARIO = id_horario;
	DELETE FROM ADIXON.NOTAS WHERE ID_ALUMNO = id_al AND ID_CURSO = id_curso;
END;

/
--------------------------------------------------------
--  DDL for Procedure LOAD_ALUMNOS
--------------------------------------------------------
set define off;

  CREATE OR REPLACE NONEDITIONABLE PROCEDURE "ADIXON"."LOAD_ALUMNOS" (
	cur OUT SYS_REFCURSOR,
	id_al IN NUMBER)
AS
BEGIN
	OPEN cur FOR
    SELECT a.id_alumno, p.id_persona , a.codigo, p.dni, p.apellidos, p.nombres, p.fecha_n, p.telofono, p.correo, p.direccion,a.fecha_ingre, a.password,p.estado ,a.id_ciclo, a.id_carrera 
            FROM ADIXON.alumno a INNER JOIN ADIXON.persona p ON a.id_persona = p.id_persona  
            WHERE a.id_alumno = id_al;
END;

/
--------------------------------------------------------
--  DDL for Procedure LOAD_HORARIO
--------------------------------------------------------
set define off;

  CREATE OR REPLACE NONEDITIONABLE PROCEDURE "ADIXON"."LOAD_HORARIO" (
	cur OUT SYS_REFCURSOR,
	id_alum IN NUMBER)
	
AS
	
BEGIN
	OPEN cur FOR
		SELECT * FROM ADIXON.view_horario WHERE id_alumno = id_alum;
	
	
END;

/
--------------------------------------------------------
--  DDL for Procedure LOAD_HORARIO_DIS
--------------------------------------------------------
set define off;

  CREATE OR REPLACE NONEDITIONABLE PROCEDURE "ADIXON"."LOAD_HORARIO_DIS" (
	cur OUT SYS_REFCURSOR,
	id_al IN NUMBER)
IS
	id_ci ADIXON.ALUMNO.ID_CICLO%TYPE;
	id_ca ADIXON.ALUMNO.ID_CARRERA%TYPE;
BEGIN
	SELECT ID_CICLO INTO id_ci FROM ADIXON.ALUMNO WHERE ID_ALUMNO = 1;
	SELECT ID_CARRERA INTO id_ca FROM ADIXON.ALUMNO WHERE ID_ALUMNO = 1;
	
	OPEN cur FOR
	SELECT *
	FROM ADIXON.VIEW_HORARIO_DISPO h 
	WHERE h.ID_HORARIO NOT IN (
		SELECT mh.ID_HORARIO 
			FROM ADIXON.MATRICULA_HORARIO mh JOIN ADIXON.MATRICULA m ON mh.ID_MATRICULA = m.ID_MATRICULA
        WHERE
            m.ID_ALUMNO = id_al
    ) AND h.ID_CICLO = id_ci AND (h.ID_CARRERA = 1 OR h.ID_CARRERA = id_ca);
END;

/
--------------------------------------------------------
--  DDL for Procedure LOAD_HORARIO_SELECT
--------------------------------------------------------
set define off;

  CREATE OR REPLACE NONEDITIONABLE PROCEDURE "ADIXON"."LOAD_HORARIO_SELECT" (
	cur OUT SYS_REFCURSOR,
	id_al IN NUMBER)
AS
BEGIN
	OPEN cur FOR
	SELECT * 
	FROM ADIXON.VIEW_HORARIO_DISPO vhd LEFT JOIN ADIXON.MATRICULA_HORARIO mh ON vhd.ID_HORARIO = mh.ID_HORARIO
	LEFT JOIN ADIXON.MATRICULA m ON mh.ID_MATRICULA = m.ID_MATRICULA
	WHERE ID_alumno = id_al;
END;

/
--------------------------------------------------------
--  DDL for Procedure LOAD_NOTAS
--------------------------------------------------------
set define off;

  CREATE OR REPLACE NONEDITIONABLE PROCEDURE "ADIXON"."LOAD_NOTAS" (
	cur OUT SYS_REFCURSOR,
	id_alum IN NUMBER)
AS
BEGIN
	OPEN cur FOR
	SELECT * FROM ADIXON.VIEW_NOTAS WHERE ID_ALUMNO = id_alum;

END;

/
--------------------------------------------------------
--  DDL for Procedure LOAD_USUARIOS
--------------------------------------------------------
set define off;

  CREATE OR REPLACE NONEDITIONABLE PROCEDURE "ADIXON"."LOAD_USUARIOS" (
    cur OUT SYS_REFCURSOR)
AS
BEGIN
    OPEN cur FOR
    SELECT ID_ALUMNO, CODIGO, PASSWORD FROM ADIXON.ALUMNO;
END;

/
--------------------------------------------------------
--  DDL for Procedure PA_UPDATE_PERSONA_INFO
--------------------------------------------------------
set define off;

  CREATE OR REPLACE NONEDITIONABLE PROCEDURE "ADIXON"."PA_UPDATE_PERSONA_INFO" (
    p_idp      IN  NUMBER,
    p_dnix     IN  VARCHAR2,
    p_apex     IN  VARCHAR2,
    p_nomx     IN  VARCHAR2,
    p_fe       IN  DATE,
    p_tel      IN  VARCHAR2,
    p_co       IN  VARCHAR2,
    p_dir      IN  VARCHAR2
)
AS
BEGIN
    UPDATE ADIXON.PERSONA
    SET
        DNI      = p_dnix,
        APELLIDOS = p_apex,
        NOMBRES   = p_nomx,
        FECHA_N  = p_fe,
        TELOFONO  = p_tel,
        CORREO     = p_co,
        DIRECCION  = p_dir,
        ESTADO     = 'ACTUALIZADO'
    WHERE
        ID_PERSONA = p_idp;


END PA_UPDATE_PERSONA_INFO;

/
--------------------------------------------------------
--  DDL for Function LOAD_ID_ALUMNO
--------------------------------------------------------

  CREATE OR REPLACE NONEDITIONABLE FUNCTION "ADIXON"."LOAD_ID_ALUMNO" LOAD_ID_ALUMNO
	RETURN NUMBER
IS 
	id_a ADIXON.ALUMNO.ID_ALUMNO%TYPE;
BEGIN
	SELECT MAX(ID_ALUMNO )+1 INTO id_a FROM ADIXON.ALUMNO;
	RETURN id_a;
END;

/
--------------------------------------------------------
--  DDL for Function LOAD_ID_MATRICULA
--------------------------------------------------------

  CREATE OR REPLACE NONEDITIONABLE FUNCTION "ADIXON"."LOAD_ID_MATRICULA" (
	id_al IN NUMBER)
	RETURN NUMBER
IS
	id_ma ADIXON.MATRICULA.ID_MATRICULA%TYPE;
BEGIN
	SELECT m.ID_MATRICULA INTO id_ma 
	FROM ADIXON.ALUMNO a INNER JOIN ADIXON.MATRICULA m ON m.ID_ALUMNO  = a.ID_ALUMNO
		WHERE a.ID_ALUMNO = id_al;
	RETURN id_ma;

END;

/
--------------------------------------------------------
--  DDL for Function LOAD_ID_NOTA
--------------------------------------------------------

  CREATE OR REPLACE NONEDITIONABLE FUNCTION "ADIXON"."LOAD_ID_NOTA" LOAD_ID_NOTA
	RETURN NUMBER
IS 
	id_n ADIXON.NOTAS.ID_NOTA%TYPE;
BEGIN
	SELECT MAX(ID_NOTA )+1 INTO id_n FROM ADIXON.NOTAS;
	
	--Creamos la conficional berraca
	IF id_n IS NULL THEN
		RETURN 1;
	ELSE
		RETURN id_n;
	END IF;
END;

/
--------------------------------------------------------
--  DDL for Synonymn VIEW_VUELOST
--------------------------------------------------------

  CREATE OR REPLACE NONEDITIONABLE SYNONYM "ADIXON"."VIEW_VUELOST" FOR "ADIXON"."VIEW_VUELOS_DISPO";
--------------------------------------------------------
--  Constraints for Table ALUMNO
--------------------------------------------------------

  ALTER TABLE "ADIXON"."ALUMNO" MODIFY ("ID_ALUMNO" NOT NULL ENABLE);
  ALTER TABLE "ADIXON"."ALUMNO" MODIFY ("ID_PERSONA" NOT NULL ENABLE);
  ALTER TABLE "ADIXON"."ALUMNO" MODIFY ("CODIGO" NOT NULL ENABLE);
  ALTER TABLE "ADIXON"."ALUMNO" MODIFY ("FECHA_INGRE" NOT NULL ENABLE);
  ALTER TABLE "ADIXON"."ALUMNO" MODIFY ("PASSWORD" NOT NULL ENABLE);
  ALTER TABLE "ADIXON"."ALUMNO" ADD CONSTRAINT "ALUMNO_PK" PRIMARY KEY ("ID_ALUMNO")
  USING INDEX PCTFREE 10 INITRANS 2 MAXTRANS 255 COMPUTE STATISTICS 
  STORAGE(INITIAL 65536 NEXT 1048576 MINEXTENTS 1 MAXEXTENTS 2147483645
  PCTINCREASE 0 FREELISTS 1 FREELIST GROUPS 1
  BUFFER_POOL DEFAULT FLASH_CACHE DEFAULT CELL_FLASH_CACHE DEFAULT)
  TABLESPACE "USERS"  ENABLE;
  ALTER TABLE "ADIXON"."ALUMNO" MODIFY ("ID_CICLO" NOT NULL ENABLE);
  ALTER TABLE "ADIXON"."ALUMNO" MODIFY ("ID_CARRERA" NOT NULL ENABLE);
--------------------------------------------------------
--  Constraints for Table ASISTENCIA
--------------------------------------------------------

  ALTER TABLE "ADIXON"."ASISTENCIA" MODIFY ("ID_ASISTENCIA" NOT NULL ENABLE);
  ALTER TABLE "ADIXON"."ASISTENCIA" MODIFY ("ID_ALUMNO" NOT NULL ENABLE);
  ALTER TABLE "ADIXON"."ASISTENCIA" MODIFY ("FECHA" NOT NULL ENABLE);
  ALTER TABLE "ADIXON"."ASISTENCIA" MODIFY ("ESTADO" NOT NULL ENABLE);
  ALTER TABLE "ADIXON"."ASISTENCIA" ADD CONSTRAINT "ASISTENCIA_PK" PRIMARY KEY ("ID_ASISTENCIA")
  USING INDEX PCTFREE 10 INITRANS 2 MAXTRANS 255 COMPUTE STATISTICS 
  TABLESPACE "USERS"  ENABLE;
--------------------------------------------------------
--  Constraints for Table AULA
--------------------------------------------------------

  ALTER TABLE "ADIXON"."AULA" MODIFY ("ID_AULA" NOT NULL ENABLE);
  ALTER TABLE "ADIXON"."AULA" MODIFY ("NOMBRE" NOT NULL ENABLE);
  ALTER TABLE "ADIXON"."AULA" MODIFY ("CAPACIDAD" NOT NULL ENABLE);
  ALTER TABLE "ADIXON"."AULA" MODIFY ("TIPO" NOT NULL ENABLE);
  ALTER TABLE "ADIXON"."AULA" ADD CONSTRAINT "AULA_PK" PRIMARY KEY ("ID_AULA")
  USING INDEX PCTFREE 10 INITRANS 2 MAXTRANS 255 COMPUTE STATISTICS 
  STORAGE(INITIAL 65536 NEXT 1048576 MINEXTENTS 1 MAXEXTENTS 2147483645
  PCTINCREASE 0 FREELISTS 1 FREELIST GROUPS 1
  BUFFER_POOL DEFAULT FLASH_CACHE DEFAULT CELL_FLASH_CACHE DEFAULT)
  TABLESPACE "USERS"  ENABLE;
--------------------------------------------------------
--  Constraints for Table CARRERA
--------------------------------------------------------

  ALTER TABLE "ADIXON"."CARRERA" MODIFY ("ID_CARRERA" NOT NULL ENABLE);
  ALTER TABLE "ADIXON"."CARRERA" MODIFY ("NOMBRE" NOT NULL ENABLE);
  ALTER TABLE "ADIXON"."CARRERA" ADD CONSTRAINT "CARRERA_PK" PRIMARY KEY ("ID_CARRERA")
  USING INDEX PCTFREE 10 INITRANS 2 MAXTRANS 255 COMPUTE STATISTICS 
  STORAGE(INITIAL 65536 NEXT 1048576 MINEXTENTS 1 MAXEXTENTS 2147483645
  PCTINCREASE 0 FREELISTS 1 FREELIST GROUPS 1
  BUFFER_POOL DEFAULT FLASH_CACHE DEFAULT CELL_FLASH_CACHE DEFAULT)
  TABLESPACE "USERS"  ENABLE;
--------------------------------------------------------
--  Constraints for Table CICLO
--------------------------------------------------------

  ALTER TABLE "ADIXON"."CICLO" MODIFY ("ID_CICLO" NOT NULL ENABLE);
  ALTER TABLE "ADIXON"."CICLO" MODIFY ("NOMBRE" NOT NULL ENABLE);
  ALTER TABLE "ADIXON"."CICLO" ADD CONSTRAINT "CICLO_PK" PRIMARY KEY ("ID_CICLO")
  USING INDEX PCTFREE 10 INITRANS 2 MAXTRANS 255 COMPUTE STATISTICS 
  STORAGE(INITIAL 65536 NEXT 1048576 MINEXTENTS 1 MAXEXTENTS 2147483645
  PCTINCREASE 0 FREELISTS 1 FREELIST GROUPS 1
  BUFFER_POOL DEFAULT FLASH_CACHE DEFAULT CELL_FLASH_CACHE DEFAULT)
  TABLESPACE "USERS"  ENABLE;
--------------------------------------------------------
--  Constraints for Table CURSO
--------------------------------------------------------

  ALTER TABLE "ADIXON"."CURSO" MODIFY ("ID_CURSO" NOT NULL ENABLE);
  ALTER TABLE "ADIXON"."CURSO" MODIFY ("CODIGO" NOT NULL ENABLE);
  ALTER TABLE "ADIXON"."CURSO" MODIFY ("NOMBRE" NOT NULL ENABLE);
  ALTER TABLE "ADIXON"."CURSO" MODIFY ("CREDITOS" NOT NULL ENABLE);
  ALTER TABLE "ADIXON"."CURSO" MODIFY ("ID_CICLO" NOT NULL ENABLE);
  ALTER TABLE "ADIXON"."CURSO" MODIFY ("ID_CARRERA" NOT NULL ENABLE);
  ALTER TABLE "ADIXON"."CURSO" ADD CONSTRAINT "CURSO_PK" PRIMARY KEY ("ID_CURSO")
  USING INDEX PCTFREE 10 INITRANS 2 MAXTRANS 255 COMPUTE STATISTICS 
  STORAGE(INITIAL 65536 NEXT 1048576 MINEXTENTS 1 MAXEXTENTS 2147483645
  PCTINCREASE 0 FREELISTS 1 FREELIST GROUPS 1
  BUFFER_POOL DEFAULT FLASH_CACHE DEFAULT CELL_FLASH_CACHE DEFAULT)
  TABLESPACE "USERS"  ENABLE;
--------------------------------------------------------
--  Constraints for Table DIA
--------------------------------------------------------

  ALTER TABLE "ADIXON"."DIA" MODIFY ("ID_DIA" NOT NULL ENABLE);
  ALTER TABLE "ADIXON"."DIA" MODIFY ("NOMBRE" NOT NULL ENABLE);
  ALTER TABLE "ADIXON"."DIA" ADD CONSTRAINT "DIA_PK" PRIMARY KEY ("ID_DIA")
  USING INDEX PCTFREE 10 INITRANS 2 MAXTRANS 255 COMPUTE STATISTICS 
  STORAGE(INITIAL 65536 NEXT 1048576 MINEXTENTS 1 MAXEXTENTS 2147483645
  PCTINCREASE 0 FREELISTS 1 FREELIST GROUPS 1
  BUFFER_POOL DEFAULT FLASH_CACHE DEFAULT CELL_FLASH_CACHE DEFAULT)
  TABLESPACE "USERS"  ENABLE;
--------------------------------------------------------
--  Constraints for Table EMPLEADO
--------------------------------------------------------

  ALTER TABLE "ADIXON"."EMPLEADO" MODIFY ("ID_EMPLEADO" NOT NULL ENABLE);
  ALTER TABLE "ADIXON"."EMPLEADO" MODIFY ("NOMBRE" NOT NULL ENABLE);
  ALTER TABLE "ADIXON"."EMPLEADO" MODIFY ("SALARIO" NOT NULL ENABLE);
  ALTER TABLE "ADIXON"."EMPLEADO" ADD CONSTRAINT "EMPLEADO_PK" PRIMARY KEY ("ID_EMPLEADO")
  USING INDEX PCTFREE 10 INITRANS 2 MAXTRANS 255 COMPUTE STATISTICS 
  STORAGE(INITIAL 65536 NEXT 1048576 MINEXTENTS 1 MAXEXTENTS 2147483645
  PCTINCREASE 0 FREELISTS 1 FREELIST GROUPS 1
  BUFFER_POOL DEFAULT FLASH_CACHE DEFAULT CELL_FLASH_CACHE DEFAULT)
  TABLESPACE "USERS"  ENABLE;
--------------------------------------------------------
--  Constraints for Table HORA
--------------------------------------------------------

  ALTER TABLE "ADIXON"."HORA" MODIFY ("ID_HORA" NOT NULL ENABLE);
  ALTER TABLE "ADIXON"."HORA" MODIFY ("HORA_INI" NOT NULL ENABLE);
  ALTER TABLE "ADIXON"."HORA" MODIFY ("HORA_FIN" NOT NULL ENABLE);
  ALTER TABLE "ADIXON"."HORA" ADD CONSTRAINT "HORA_PK" PRIMARY KEY ("ID_HORA")
  USING INDEX PCTFREE 10 INITRANS 2 MAXTRANS 255 COMPUTE STATISTICS 
  STORAGE(INITIAL 65536 NEXT 1048576 MINEXTENTS 1 MAXEXTENTS 2147483645
  PCTINCREASE 0 FREELISTS 1 FREELIST GROUPS 1
  BUFFER_POOL DEFAULT FLASH_CACHE DEFAULT CELL_FLASH_CACHE DEFAULT)
  TABLESPACE "USERS"  ENABLE;
--------------------------------------------------------
--  Constraints for Table HORARIO
--------------------------------------------------------

  ALTER TABLE "ADIXON"."HORARIO" MODIFY ("ID_HORARIO" NOT NULL ENABLE);
  ALTER TABLE "ADIXON"."HORARIO" MODIFY ("ID_CURSO" NOT NULL ENABLE);
  ALTER TABLE "ADIXON"."HORARIO" MODIFY ("ID_DIA" NOT NULL ENABLE);
  ALTER TABLE "ADIXON"."HORARIO" MODIFY ("ID_AULA" NOT NULL ENABLE);
  ALTER TABLE "ADIXON"."HORARIO" MODIFY ("ID_HORA" NOT NULL ENABLE);
  ALTER TABLE "ADIXON"."HORARIO" MODIFY ("ID_PROFE" NOT NULL ENABLE);
  ALTER TABLE "ADIXON"."HORARIO" ADD CONSTRAINT "HORARIO_PK" PRIMARY KEY ("ID_HORARIO")
  USING INDEX PCTFREE 10 INITRANS 2 MAXTRANS 255 COMPUTE STATISTICS 
  STORAGE(INITIAL 65536 NEXT 1048576 MINEXTENTS 1 MAXEXTENTS 2147483645
  PCTINCREASE 0 FREELISTS 1 FREELIST GROUPS 1
  BUFFER_POOL DEFAULT FLASH_CACHE DEFAULT CELL_FLASH_CACHE DEFAULT)
  TABLESPACE "USERS"  ENABLE;
  ALTER TABLE "ADIXON"."HORARIO" MODIFY ("CUPOS" NOT NULL ENABLE);
--------------------------------------------------------
--  Constraints for Table MATRICULA
--------------------------------------------------------

  ALTER TABLE "ADIXON"."MATRICULA" MODIFY ("ID_MATRICULA" NOT NULL ENABLE);
  ALTER TABLE "ADIXON"."MATRICULA" MODIFY ("ID_ALUMNO" NOT NULL ENABLE);
  ALTER TABLE "ADIXON"."MATRICULA" MODIFY ("FECHA_MATRI" NOT NULL ENABLE);
  ALTER TABLE "ADIXON"."MATRICULA" MODIFY ("ESTADO" NOT NULL ENABLE);
  ALTER TABLE "ADIXON"."MATRICULA" ADD CONSTRAINT "MATRICULA_PK" PRIMARY KEY ("ID_MATRICULA")
  USING INDEX PCTFREE 10 INITRANS 2 MAXTRANS 255 COMPUTE STATISTICS 
  STORAGE(INITIAL 65536 NEXT 1048576 MINEXTENTS 1 MAXEXTENTS 2147483645
  PCTINCREASE 0 FREELISTS 1 FREELIST GROUPS 1
  BUFFER_POOL DEFAULT FLASH_CACHE DEFAULT CELL_FLASH_CACHE DEFAULT)
  TABLESPACE "USERS"  ENABLE;
--------------------------------------------------------
--  Constraints for Table MATRICULA_HORARIO
--------------------------------------------------------

  ALTER TABLE "ADIXON"."MATRICULA_HORARIO" MODIFY ("ID_MATRICULA_HORARIO" NOT NULL ENABLE);
  ALTER TABLE "ADIXON"."MATRICULA_HORARIO" MODIFY ("ID_MATRICULA" NOT NULL ENABLE);
  ALTER TABLE "ADIXON"."MATRICULA_HORARIO" MODIFY ("ID_HORARIO" NOT NULL ENABLE);
  ALTER TABLE "ADIXON"."MATRICULA_HORARIO" ADD CONSTRAINT "MATRICULA_HORARIO_PK" PRIMARY KEY ("ID_MATRICULA_HORARIO")
  USING INDEX PCTFREE 10 INITRANS 2 MAXTRANS 255 COMPUTE STATISTICS 
  STORAGE(INITIAL 65536 NEXT 1048576 MINEXTENTS 1 MAXEXTENTS 2147483645
  PCTINCREASE 0 FREELISTS 1 FREELIST GROUPS 1
  BUFFER_POOL DEFAULT FLASH_CACHE DEFAULT CELL_FLASH_CACHE DEFAULT)
  TABLESPACE "USERS"  ENABLE;
--------------------------------------------------------
--  Constraints for Table NOTAS
--------------------------------------------------------

  ALTER TABLE "ADIXON"."NOTAS" MODIFY ("ID_NOTA" NOT NULL ENABLE);
  ALTER TABLE "ADIXON"."NOTAS" MODIFY ("ID_ALUMNO" NOT NULL ENABLE);
  ALTER TABLE "ADIXON"."NOTAS" MODIFY ("ID_CURSO" NOT NULL ENABLE);
  ALTER TABLE "ADIXON"."NOTAS" MODIFY ("P1" NOT NULL ENABLE);
  ALTER TABLE "ADIXON"."NOTAS" MODIFY ("P2" NOT NULL ENABLE);
  ALTER TABLE "ADIXON"."NOTAS" MODIFY ("P3" NOT NULL ENABLE);
  ALTER TABLE "ADIXON"."NOTAS" MODIFY ("P4" NOT NULL ENABLE);
  ALTER TABLE "ADIXON"."NOTAS" MODIFY ("C1" NOT NULL ENABLE);
  ALTER TABLE "ADIXON"."NOTAS" MODIFY ("C2" NOT NULL ENABLE);
  ALTER TABLE "ADIXON"."NOTAS" MODIFY ("C3" NOT NULL ENABLE);
  ALTER TABLE "ADIXON"."NOTAS" MODIFY ("C4" NOT NULL ENABLE);
  ALTER TABLE "ADIXON"."NOTAS" MODIFY ("C5" NOT NULL ENABLE);
  ALTER TABLE "ADIXON"."NOTAS" MODIFY ("C6" NOT NULL ENABLE);
  ALTER TABLE "ADIXON"."NOTAS" ADD CONSTRAINT "NOTAS_PK" PRIMARY KEY ("ID_NOTA")
  USING INDEX PCTFREE 10 INITRANS 2 MAXTRANS 255 COMPUTE STATISTICS 
  STORAGE(INITIAL 65536 NEXT 1048576 MINEXTENTS 1 MAXEXTENTS 2147483645
  PCTINCREASE 0 FREELISTS 1 FREELIST GROUPS 1
  BUFFER_POOL DEFAULT FLASH_CACHE DEFAULT CELL_FLASH_CACHE DEFAULT)
  TABLESPACE "USERS"  ENABLE;
--------------------------------------------------------
--  Constraints for Table PERSONA
--------------------------------------------------------

  ALTER TABLE "ADIXON"."PERSONA" MODIFY ("ID_PERSONA" NOT NULL ENABLE);
  ALTER TABLE "ADIXON"."PERSONA" MODIFY ("DNI" NOT NULL ENABLE);
  ALTER TABLE "ADIXON"."PERSONA" MODIFY ("APELLIDOS" NOT NULL ENABLE);
  ALTER TABLE "ADIXON"."PERSONA" MODIFY ("NOMBRES" NOT NULL ENABLE);
  ALTER TABLE "ADIXON"."PERSONA" MODIFY ("FECHA_N" NOT NULL ENABLE);
  ALTER TABLE "ADIXON"."PERSONA" MODIFY ("TELOFONO" NOT NULL ENABLE);
  ALTER TABLE "ADIXON"."PERSONA" MODIFY ("CORREO" NOT NULL ENABLE);
  ALTER TABLE "ADIXON"."PERSONA" MODIFY ("DIRECCION" NOT NULL ENABLE);
  ALTER TABLE "ADIXON"."PERSONA" ADD CONSTRAINT "PERSONA_PK" PRIMARY KEY ("ID_PERSONA")
  USING INDEX PCTFREE 10 INITRANS 2 MAXTRANS 255 COMPUTE STATISTICS 
  STORAGE(INITIAL 65536 NEXT 1048576 MINEXTENTS 1 MAXEXTENTS 2147483645
  PCTINCREASE 0 FREELISTS 1 FREELIST GROUPS 1
  BUFFER_POOL DEFAULT FLASH_CACHE DEFAULT CELL_FLASH_CACHE DEFAULT)
  TABLESPACE "USERS"  ENABLE;
  ALTER TABLE "ADIXON"."PERSONA" MODIFY ("ESTADO" NOT NULL ENABLE);
--------------------------------------------------------
--  Constraints for Table PROFESOR
--------------------------------------------------------

  ALTER TABLE "ADIXON"."PROFESOR" MODIFY ("ID_PROFESOR" NOT NULL ENABLE);
  ALTER TABLE "ADIXON"."PROFESOR" MODIFY ("ID_PERSONA" NOT NULL ENABLE);
  ALTER TABLE "ADIXON"."PROFESOR" MODIFY ("ESPECIALIDAD" NOT NULL ENABLE);
  ALTER TABLE "ADIXON"."PROFESOR" MODIFY ("PASSWORD" NOT NULL ENABLE);
  ALTER TABLE "ADIXON"."PROFESOR" ADD CONSTRAINT "PROFESOR_PK" PRIMARY KEY ("ID_PROFESOR")
  USING INDEX PCTFREE 10 INITRANS 2 MAXTRANS 255 COMPUTE STATISTICS 
  STORAGE(INITIAL 65536 NEXT 1048576 MINEXTENTS 1 MAXEXTENTS 2147483645
  PCTINCREASE 0 FREELISTS 1 FREELIST GROUPS 1
  BUFFER_POOL DEFAULT FLASH_CACHE DEFAULT CELL_FLASH_CACHE DEFAULT)
  TABLESPACE "USERS"  ENABLE;
--------------------------------------------------------
--  Ref Constraints for Table ALUMNO
--------------------------------------------------------

  ALTER TABLE "ADIXON"."ALUMNO" ADD CONSTRAINT "ALUMNO_CICLO_FK" FOREIGN KEY ("ID_CICLO")
	  REFERENCES "ADIXON"."CICLO" ("ID_CICLO") ENABLE;
  ALTER TABLE "ADIXON"."ALUMNO" ADD CONSTRAINT "ALUMNO_CARRERA_FK" FOREIGN KEY ("ID_CARRERA")
	  REFERENCES "ADIXON"."CARRERA" ("ID_CARRERA") ENABLE;
--------------------------------------------------------
--  Ref Constraints for Table CURSO
--------------------------------------------------------

  ALTER TABLE "ADIXON"."CURSO" ADD CONSTRAINT "CURSO_CARRERA_FK" FOREIGN KEY ("ID_CARRERA")
	  REFERENCES "ADIXON"."CARRERA" ("ID_CARRERA") ENABLE;
  ALTER TABLE "ADIXON"."CURSO" ADD CONSTRAINT "CURSO_CICLO_FK" FOREIGN KEY ("ID_CICLO")
	  REFERENCES "ADIXON"."CICLO" ("ID_CICLO") ENABLE;
--------------------------------------------------------
--  Ref Constraints for Table HORARIO
--------------------------------------------------------

  ALTER TABLE "ADIXON"."HORARIO" ADD CONSTRAINT "HORARIO_AULA_FK" FOREIGN KEY ("ID_AULA")
	  REFERENCES "ADIXON"."AULA" ("ID_AULA") ENABLE;
  ALTER TABLE "ADIXON"."HORARIO" ADD CONSTRAINT "HORARIO_CURSO_FK" FOREIGN KEY ("ID_CURSO")
	  REFERENCES "ADIXON"."CURSO" ("ID_CURSO") ENABLE;
  ALTER TABLE "ADIXON"."HORARIO" ADD CONSTRAINT "HORARIO_DIA_FK" FOREIGN KEY ("ID_DIA")
	  REFERENCES "ADIXON"."DIA" ("ID_DIA") ENABLE;
  ALTER TABLE "ADIXON"."HORARIO" ADD CONSTRAINT "HORARIO_HORA_FK" FOREIGN KEY ("ID_HORARIO")
	  REFERENCES "ADIXON"."HORA" ("ID_HORA") ENABLE;
  ALTER TABLE "ADIXON"."HORARIO" ADD CONSTRAINT "HORARIO_HORA_FKV1" FOREIGN KEY ("ID_HORA")
	  REFERENCES "ADIXON"."HORA" ("ID_HORA") ENABLE;
  ALTER TABLE "ADIXON"."HORARIO" ADD CONSTRAINT "HORARIO_PROFESOR_FK" FOREIGN KEY ("ID_PROFE")
	  REFERENCES "ADIXON"."PROFESOR" ("ID_PROFESOR") ENABLE;
--------------------------------------------------------
--  Ref Constraints for Table MATRICULA_HORARIO
--------------------------------------------------------

  ALTER TABLE "ADIXON"."MATRICULA_HORARIO" ADD CONSTRAINT "FK_MATRICULA_HORARIO_MATRICULA" FOREIGN KEY ("ID_MATRICULA")
	  REFERENCES "ADIXON"."MATRICULA" ("ID_MATRICULA") ENABLE;
  ALTER TABLE "ADIXON"."MATRICULA_HORARIO" ADD CONSTRAINT "FK_MATRICULA_HORARIO_HORARIO" FOREIGN KEY ("ID_HORARIO")
	  REFERENCES "ADIXON"."HORARIO" ("ID_HORARIO") ENABLE;
